,CASH,GHSEP,FTL,BCRP
0,1.0,1.0116847046730526,1.0,0.9883152953279004
1,1.0,1.001729330338966,0.990159609427095,0.99804070550643
2,1.0,0.9933197715023929,0.9818471855257338,1.006419298185479
3,1.0,0.9851486527742213,0.9899239287819505,1.0146981745463994
4,1.0,0.9889647696417277,0.986089314303535,1.0107675933005191
5,1.0,0.9891085327397627,0.9859459692190353,1.0106206607857775
6,1.0,1.0054553379520794,0.9696514319785686,0.9939183287997214
7,1.0,1.0022067254049638,0.9665185017557377,0.9971296654266274
8,1.0,1.0066068955729306,0.9707619802802497,0.9927517859973368
9,1.0,1.0034460289880585,0.9677136711948193,0.995869145873348
10,1.0,1.0111407524342073,0.9751343877172058,0.9882325242274878
11,1.0,0.9950118319663925,0.9595798135213847,1.0039960306901652
12,1.0,0.9907011035495955,0.9637370373721529,1.0083456816997833
13,1.0,0.9948812125444412,0.9596706995137311,1.004091124156099
14,1.0,0.9909578534026018,0.9634552034724666,1.0080508030013766
15,1.0,1.0065587855039717,0.9482872549032841,0.9921807717209606
16,1.0,0.995737262432219,0.938092210334967,1.0028477166289782
17,1.0,0.9984834591834634,0.9355049971838264,1.000081909578183
18,1.0,1.016904996154734,0.9258893943305778,0.9816308819716197
19,1.0,0.9958859981743969,0.9067516509473408,1.001920778866546
20,1.0,1.0085550919097799,0.8952164819758871,0.9891749140937491
21,1.0,1.010285582662139,0.8967525048494868,0.9874776760797862
22,1.0,1.0303077117275756,0.914524602392804,0.9679075606417377
23,1.0,1.0446707380295295,0.9272735516177587,0.9544144249581146
24,1.0,1.0298258285407347,0.91409687207772,0.9679767802882466
25,1.0,1.0142316150104969,0.9002550929987314,0.9826344400444456
26,1.0,1.0243454911294831,0.909232399646957,0.9728356496607072
27,1.0,1.0294327536367287,0.913747969687594,0.9680042032701247
28,1.0,1.0410084772067583,0.9240228454999246,0.9571192289663811
29,1.0,1.0282397893496364,0.9126890673340019,0.9688589572618855
30,1.0,1.0187346857473043,0.90425212097853,0.9778151412760204
31,1.0,1.024924163206584,0.9097460420397865,0.9718742767305703
32,1.0,1.0443896335941172,0.9270240368273066,0.953416335517267
33,1.0,1.050605149469363,0.9325410702593477,0.9477422325024282
34,1.0,1.0507753454576125,0.9326921400946957,0.9475887001064228
35,1.0,1.0502214099209721,0.9322004542963862,0.948088238906352
36,1.0,1.0527421858844053,0.934437952466446,0.9458126063387073
37,1.0,1.0438211819824874,0.9265194661862683,0.9538274822162747
38,1.0,1.0459991879376678,0.9284527138703058,0.9518372544146442
39,1.0,1.0504702759543239,0.9324213534212001,0.9477686583863205
40,1.0,1.0489698244486785,0.9310895184930323,0.9491224148351372
41,1.0,1.0554365256680225,0.9368295098009947,0.9432712540736288
42,1.0,1.074153497202879,0.9534431201309593,0.9265434066083064
43,1.0,1.0717103364880058,0.9512745150257773,0.928650828366333
44,1.0,1.0584420413676539,0.9394972740111561,0.940147977207779
45,1.0,1.0787044611240946,0.9574826593122727,0.922150134906292
46,1.0,1.0708803215705784,0.9505377747990921,0.9288387429581151
47,1.0,1.0719418495243802,0.9514800111919431,0.9279180160848285
48,1.0,1.055334108417627,0.9367386018400766,0.9422943763183707
49,1.0,1.0769016522678638,0.955882445036493,0.9230369912710014
50,1.0,1.0768107553703712,0.9558017628793091,0.9231149010769655
51,1.0,1.0793916594014092,0.9580926320950897,0.9209023758424019
52,1.0,1.077670768434194,0.9565651300657471,0.9223705848713876
53,1.0,1.071127947083095,0.9507575727781221,0.927970538152665
54,1.0,1.0502665042608508,0.9322404808768736,0.9460438265712318
55,1.0,1.0492501978739697,0.9313383841739638,0.9469592802958195
56,1.0,1.0539720171696958,0.9355295785587444,0.9426977889845355
57,1.0,1.0514163933131229,0.933261148595399,0.9449836001062961
58,1.0,1.0455773408017572,0.928078272546799,0.95023157692884
59,1.0,1.0543303345386206,0.9358476291794806,0.9422767650596656
60,1.0,1.0556480498200462,0.9370172632858829,0.9410990957354747
61,1.0,1.0749992121140022,0.9541937957991602,0.9238477387724306
62,1.0,1.0722142354884754,0.9517217870941981,0.9262411306268836
63,1.0,1.0515453591555801,0.9333756215540732,0.9440961103018036
64,1.0,1.051758280531163,0.9335646154175699,0.9439049457070277
65,1.0,1.057262546893225,0.9384503276469401,0.9389651184317039
66,1.0,1.059784172473514,0.940688579964367,0.9367256383059765
67,1.0,1.0696519608278807,0.9494474537300482,0.9280036639792751
68,1.0,1.0795738689576597,0.9582543654266739,0.9193956611572889
69,1.0,1.0700448800134295,0.9497962177248203,0.9275108178332143
70,1.0,1.0690032237911997,0.9488716199297448,0.9284137214707613
71,1.0,1.0621491962213858,0.9427878288961159,0.9343663445321468
72,1.0,1.0756906548738276,0.9548075361338918,0.922454003719109
73,1.0,1.092518662892618,0.9697444594825907,0.9080232161130708
74,1.0,1.0920648638595158,0.9693416571218542,0.908400381347376
75,1.0,1.1002982666446535,0.9766498130180487,0.9015516798858503
76,1.0,1.0985317379134005,0.9750818018664804,0.9029991209964815
77,1.0,1.1124116393308414,0.9874019186322459,0.8915897658127601
78,1.0,1.1299107422702306,1.0029345211223233,0.8775643632200868
79,1.0,1.1152157948828965,0.989890950993338,0.8889774436193018
80,1.0,1.1073478312816807,0.9829071672310185,0.8952492720853453
81,1.0,1.1083138913037707,0.9837646641183247,0.8944682487184641
82,1.0,1.1008143581973915,0.9771079076560262,0.90052077074851
83,1.0,1.1052486739879208,0.9810439073874697,0.8968932803879709
84,1.0,1.0987935959553818,0.9753142330505964,0.9021314826564273
85,1.0,1.1187312610073172,0.9930113588290318,0.8857622615408784
86,1.0,1.1211820683252594,0.9951867512473729,0.8838218199817415
87,1.0,1.1117589357306634,0.9868225640463982,0.8912500249399656
88,1.0,1.105870457363509,0.981595816477153,0.8959705685061009
89,1.0,1.1020498902260325,0.978204594037626,0.8990659723909847
90,1.0,1.1011604674336297,0.9774151221023614,0.8997915745390773
91,1.0,1.0801678996499064,0.9587816406408227,0.9169452375853151
92,1.0,1.0784377725601548,0.9572459404147602,0.9184139275878137
93,1.0,1.0862432567391738,0.9641742660145248,0.9117666591376605
94,1.0,1.0847500165954644,0.9628488320388605,0.9130200492678752
95,1.0,1.1000977972921204,0.9764718718873222,0.9001020208997813
96,1.0,1.0983114702459371,0.9748862872984919,0.9015635969415517
97,1.0,1.11452245720197,0.9892755286741521,0.8882565924125095
98,1.0,1.115949946451927,0.9905426006576911,0.8871189062864246
99,1.0,1.1278707246841269,1.0011237550354635,0.8776425424224428
100,1.0,1.1212208915862665,0.9952212116585717,0.8828170507224516
101,1.0,1.1055441690487517,0.9813061955306501,0.895160450723547
102,1.0,1.1144051493440028,0.9891714035333313,0.8879857042626006
103,1.0,1.1149372880851516,0.9896437420046493,0.8875616828956283
104,1.0,1.1116591113648742,0.9867339576520782,0.8901713220901685
105,1.0,1.1030388083932452,0.9790823803208395,0.897074109477055
106,1.0,1.1379855713058749,1.0101019233626487,0.8686527738197338
107,1.0,1.13623639008363,1.008549310253367,0.8699879674801848
108,1.0,1.1276037839119148,1.0008868123229493,0.8765977394979797
109,1.0,1.146628254936703,1.0177733662816784,0.861808140055294
110,1.0,1.1386283221537559,1.010672443659452,0.8678209058858878
111,1.0,1.1469610567510133,1.0180687687538088,0.8614700000236214
112,1.0,1.148834960763767,1.0197320886536787,0.8600625310600698
113,1.0,1.1302124556906723,1.0032023288170822,0.8740040626059851
114,1.0,1.1322359043958428,1.0049983879934878,0.8724393104394831
115,1.0,1.109125258090605,0.9844848517443703,0.8902471155500856
116,1.0,1.107984151911226,0.9834719798987184,0.8911630323748406
117,1.0,1.1062209463386847,0.9819069184574044,0.8925811967248336
118,1.0,1.1293453658073227,1.0024326800617935,0.8739226981043591
119,1.0,1.1373305065290862,1.009520472908168,0.8677435469473975
120,1.0,1.135930548362998,1.0082778381409525,0.8688116662474131
121,1.0,1.1232809492457463,0.9970497657306209,0.87848665852697
122,1.0,1.1315032623467238,1.0043480781838243,0.8720562170904788
123,1.0,1.125454026757804,0.9989786388415207,0.8767183985256356
124,1.0,1.130575182494891,1.0035242933591044,0.8727290650217275
125,1.0,1.1231909742369788,0.9969699018574899,0.8784291841010325
126,1.0,1.117168865988538,0.9916245413584239,0.883138975896153
127,1.0,1.116264388764908,0.9908217067658128,0.8838539788945815
128,1.0,1.118721624944877,0.9930028055881956,0.8819083484539515
129,1.0,1.1269134783656218,1.0002740813397897,0.8754505632825667
130,1.0,1.1404420460396594,1.0122823462595925,0.8649408015155379
131,1.0,1.1229520129947916,0.9967577944130416,0.8782056958182871
132,1.0,1.1067653000857196,0.9823900992076912,0.8908645301296949
133,1.0,1.1057453722555306,0.9814847880258705,0.8916854968938887
134,1.0,1.1188748804436803,0.9931388386514927,0.8810977139146239
135,1.0,1.1165794474512984,0.9911013600250201,0.8829053340491154
136,1.0,1.140244830456395,1.0121072931927202,0.8641925653934643
137,1.0,1.1499480558200483,1.0207200971209076,0.8568384823097759
138,1.0,1.152772893966333,1.0232274878237662,0.8547336654725407
139,1.0,1.1574540500158876,1.0273825885947405,0.8512627808867732
140,1.0,1.1409707053898281,1.0127515963234412,0.8633856446698817
141,1.0,1.1456741008399098,1.0169264372946498,0.8598265312822269
142,1.0,1.1623599746607478,1.0317371990986592,0.8473038103818453
143,1.0,1.170721009261494,1.0391586439233786,0.8412090233711033
144,1.0,1.1476605987205128,1.01868969808181,0.8577788340046121
145,1.0,1.1198570526553573,0.9940106370790164,0.8785596235077163
146,1.0,1.1075974507566444,0.9831287350888545,0.888177628950527
147,1.0,1.0960000686759253,0.9728346345025446,0.8974775197281825
148,1.0,1.0892317548596293,0.9668269249417252,0.9030198638116407
149,1.0,1.0723529587781906,0.9518449209517958,0.9170131100326767
150,1.0,1.090523578468254,0.9679735770184962,0.9014746659640072
151,1.0,1.0961381399352492,0.9729571897031445,0.8968334229661342
152,1.0,1.1075652225682446,0.9831001286232478,0.887484063375348
153,1.0,1.1166005440404412,0.9911200858360494,0.8802441251306282
154,1.0,1.128621486515022,1.0017901482833453,0.8707677156416707
155,1.0,1.1446096806150834,1.0159816336641676,0.8584323105311413
156,1.0,1.1466472964554164,1.0177902679123052,0.8569041430664827
157,1.0,1.1508279879480248,1.0215011449394735,0.8537798590153356
158,1.0,1.1740086666549694,1.0420768435492005,0.8365825047591454
159,1.0,1.1872296457885056,1.053812085874255,0.8271614160124039
160,1.0,1.1804259954004155,1.047773010763603,0.8319016253801284
161,1.0,1.1855470125035352,1.0523185422293069,0.8282926041725835
162,1.0,1.1773248560834209,1.04502036884237,0.834037084383616
163,1.0,1.161313898118517,1.0308086777328764,0.845379521119872
164,1.0,1.1497016650122345,1.0205013950345547,0.8538326568979119
165,1.0,1.1881860326097011,1.0546609965950973,0.8252520165178259
166,1.0,1.1649131133527528,1.0340034231695727,0.841416171808646
167,1.0,1.1552954364863357,1.0254665540374628,0.8483630151029774
168,1.0,1.1362788159391213,1.0085869683403004,0.8623274064038331
169,1.0,1.144339715738485,1.0157420066734555,0.8562099511462039
170,1.0,1.1475501133536,1.0185916287474301,0.8538078896366988
171,1.0,1.144188789885269,1.0156080414479411,0.8563088039438402
172,1.0,1.1612877878095567,1.0307855016201761,0.8435119450780416
173,1.0,1.1810964444726018,1.0483681166235934,0.8291237471780344
174,1.0,1.1959803740605919,1.0615794316687621,0.8186753036749873
175,1.0,1.1834286337816298,1.0504382209957146,0.8272672505050195
176,1.0,1.1880667714670212,1.054555137687424,0.824024993810686
177,1.0,1.1861027316069916,1.0528118111553515,0.8253872219044608
178,1.0,1.189500600939338,1.0558278373981844,0.8230227067122639
179,1.0,1.1877481152528808,1.0542722911713005,0.8242352622266419
180,1.0,1.191626037520792,1.0577144233368647,0.821544186369666
181,1.0,1.1819620164723954,1.0491364180537242,0.8282068641382173
182,1.0,1.185513499711114,1.0522887954987552,0.825718321566674
183,1.0,1.1871535374871671,1.0537445303978303,0.824576023954738
184,1.0,1.1579552536407902,1.0278274683545472,0.8448566397623153
185,1.0,1.1434890830839124,1.0149869657487167,0.8554113137943973
186,1.0,1.154636761448047,1.0248818990695017,0.8470720560476364
187,1.0,1.1710642052589169,1.0394632725074002,0.8350204489379732
188,1.0,1.1698482246238837,1.0383839403887267,0.8358874967831065
189,1.0,1.1733125416436556,1.0414589471117015,0.8334121506479998
190,1.0,1.1706097002446931,1.039059843500221,0.8353319979035574
191,1.0,1.1533085055552812,1.0237029088713931,0.8476779074939403
192,1.0,1.1605245672563391,1.030108049661488,0.8423741261959293
193,1.0,1.153207248870959,1.0236130311317047,0.8476854482087426
194,1.0,1.141146467552871,1.0129076068191205,0.8565509394953665
195,1.0,1.145299582247484,1.0165940060536374,0.8534335883100791
196,1.0,1.140043018924605,1.0119281606748824,0.8573505789106123
197,1.0,1.155859477873343,1.0259672100291852,0.8454560714141304
198,1.0,1.1665682496369478,1.0354725598511385,0.8376231156980537
199,1.0,1.1655688928883698,1.0345855080302138,0.8383406770697351
200,1.0,1.1566689282404339,1.0266856966143425,0.8447420167363672
201,1.0,1.1469894270951702,1.018093950843275,0.851811179846181
202,1.0,1.1176163863638264,0.9920217706067307,0.8736250552734034
203,1.0,1.1277876278804906,1.0010499963355766,0.8656743384264713
204,1.0,1.1293654071583774,1.0024504691735243,0.8644632566601079
205,1.0,1.1260616550658809,0.9995179835387894,0.8669920859254121
206,1.0,1.1174004778495223,0.991830125294067,0.8736606125260525
207,1.0,1.1116308406524653,0.98670886385311,0.8781717120531655
208,1.0,1.1231115238346767,0.996899379844781,0.8691021443188601
209,1.0,1.1125990805066772,0.9875682956170004,0.8772370328350557
210,1.0,1.115965651801873,0.990556541008255,0.8745826346198069
211,1.0,1.1047348317692536,0.9805878092446658,0.8833842318342093
212,1.0,1.1130346247725795,0.9879548946266723,0.8767474299020336
213,1.0,1.130816084862098,1.0037381237618093,0.8627408131399497
214,1.0,1.1307881698541868,1.003713345764718,0.862762110517078
215,1.0,1.1464970017673002,1.0176568629052751,0.850776678289079
216,1.0,1.1484823353070783,1.0194190901921012,0.8493034293651596
217,1.0,1.1396742559546995,1.011600838259314,0.8558170097394587
218,1.0,1.1164070786904006,0.9909483615687952,0.8732890601659252
219,1.0,1.1303874786747226,1.003357683150114,0.8623531474553232
220,1.0,1.1152915994258,0.9899582367582986,0.8738695338524148
221,1.0,1.1229094924206833,0.9967200521608672,0.8679006512720558
222,1.0,1.1259292569676518,0.9994004639799277,0.865566664753571
223,1.0,1.1271274338744286,1.0004639931033705,0.8646455571595717
224,1.0,1.1193206325510119,0.9935344983673092,0.8706343352484575
225,1.0,1.117292284874774,0.991734090752363,0.8722120325402384
226,1.0,1.1114248030366594,0.9865259801794103,0.8767924707378143
227,1.0,1.0908862654420735,0.968295506223579,0.89299512796863
228,1.0,1.078542653538465,0.9573390350392492,0.9030995592368081
229,1.0,1.0851623566815318,0.9632148343801356,0.8975566620962256
230,1.0,1.0885214747196492,0.966196464089308,0.8947782771337633
231,1.0,1.102312463372526,0.9784376598567415,0.8834419118416003
232,1.0,1.096054874321577,0.9728832812324195,0.8884570201869464
233,1.0,1.085880245546166,0.963852048895489,0.8967045272911578
234,1.0,1.0776620466763873,0.9565573883215017,0.9034909995217139
235,1.0,1.0929592689714953,0.9701355513825471,0.8906661044603996
236,1.0,1.0659461020681398,0.9461580489291637,0.9126794702060681
237,1.0,1.0697817083146837,0.9495626204272348,0.9093953650623491
238,1.0,1.0734456944981412,0.9528148580490894,0.9062806996808795
239,1.0,1.0747750864468886,0.9539948566335286,0.9051583305926827
240,1.0,1.0760129543258332,0.9550936163681184,0.9041158181295285
241,1.0,1.0853728610686,0.9634016828660734,0.8962511918649083
242,1.0,1.098812299722069,0.975330834836942,0.8851535190353836
243,1.0,1.101122587055029,0.977381498515406,0.8832924559920389
244,1.0,1.1013087242056245,0.977546718091558,0.8831431415171381
245,1.0,1.0974317178127024,0.9741053988781189,0.8862521258827326
246,1.0,1.094442577669471,0.9714521699780712,0.8886660635913711
247,1.0,1.0976051753769784,0.9742593637651026,0.8860980958308249
248,1.0,1.0944612154156246,0.9714687132668187,0.8886362188256803
249,1.0,1.1016284159562915,0.9778304837758033,0.8828168860820477
250,1.0,1.0832606358141588,0.961526823598837,0.8975363561257815
251,1.0,1.070415592420391,0.9501252703981605,0.908179125797103
252,1.0,1.0829696926381678,0.961268575805132,0.8975277751994913
253,1.0,1.0778908161005996,0.9567604492631852,0.9017369721787718
254,1.0,1.0736645214513627,0.9530090938344731,0.9052725864388637
255,1.0,1.0738854853097508,0.9532052263899011,0.905086278220999
256,1.0,1.0597247697656103,0.9406358526181308,0.9170211348729168
257,1.0,1.062121284068714,0.9427630533185442,0.9149473376677442
258,1.0,1.0538374382599986,0.9354101230312931,0.9220833237188679
259,1.0,1.0438897262655853,0.9265803071997203,0.9307873410610527
260,1.0,1.0369204844644289,0.9203942493796795,0.9370014859860987
261,1.0,1.025705615302914,0.9104396759771967,0.9471356758551026
262,1.0,1.0332211940752603,0.9171106749287189,0.9401957969335023
263,1.0,1.0230104753850018,0.9080474083662587,0.9494872002172497
264,1.0,1.0251112917535445,0.9099121408286629,0.9475373685197543
265,1.0,1.0468969690786023,0.92924960438649,0.9274002931325438
266,1.0,1.0262107900360413,0.9108880805555272,0.9457252755070589
267,1.0,1.0238282588252678,0.908773291575955,0.9479209452538659
268,1.0,1.0087054571322607,0.8953499483149852,0.961922532288591
269,1.0,1.0163700474608264,0.9007091156723244,0.954613419320998
270,1.0,1.0006151480349164,0.8867470937629531,0.9694110203014414
271,1.0,0.9946196210533563,0.8839832878750681,0.9752195771071017
272,1.0,1.0076665232785675,0.8877271440357116,0.9624271545565438
273,1.0,0.9991721278920683,0.8821197476215811,0.9705401925428021
274,1.0,0.9940591168865124,0.8799846981558237,0.9755066868503144
275,1.0,0.9853771296428352,0.8776323540480049,0.9840266395038267
276,1.0,0.9711406436981975,0.8773544136426703,0.998243613898575
277,1.0,0.9752070197517902,0.8757250257451268,0.9940637518433529
278,1.0,0.9854025664248892,0.8729000773637,0.9836710627303197
279,1.0,0.9783800273573343,0.8727264170353466,0.990681262117303
280,1.0,0.9795923078419649,0.8725097100376915,0.9894537395525793
281,1.0,0.9854423186206147,0.8716723180736532,0.9835448374567294
282,1.0,0.9835620900931786,0.8716215289606901,0.9854214455811261
283,1.0,0.9801040337458778,0.871715030612838,0.9888860391423291
284,1.0,0.9843579386924236,0.8711742814799582,0.9845940180218189
285,1.0,0.9930888666373231,0.8711423572821452,0.9758609961323977
286,1.0,1.0036010073374828,0.8737126054373041,0.9655312175607773
287,1.0,0.9944407203719203,0.868814183761243,0.9743440256007061
288,1.0,0.9879794409546973,0.8669896014093558,0.9806747287471341
289,1.0,0.9935748663058849,0.8675646745381222,0.9751206736619892
290,1.0,0.9900701586904518,0.8666585832421927,0.978560286484903
291,1.0,0.9830303330913102,0.8655218298648176,0.9855182719307524
292,1.0,0.9933866646526289,0.865155527342379,0.9751357296637965
293,1.0,0.9975846186170154,0.866220313396568,0.9710149023490322
294,1.0,0.9900433010174381,0.8634443321311336,0.9783553641357136
295,1.0,0.9920566326137661,0.8637708473384333,0.976365800886443
296,1.0,0.9914451569373794,0.8636378921086473,0.9769676051774705
297,1.0,0.9846067312347249,0.8622655052859242,0.9837061729485806
298,1.0,0.9858025525768642,0.8622801894184386,0.9825114453496386
299,1.0,0.9739854427651854,0.8617421653182461,0.9942891036744538
300,1.0,0.977547928557197,0.8607280585959803,0.990652354448873
301,1.0,0.9751526252436092,0.8611661121137338,0.9930797677732852
302,1.0,0.9787810061543348,0.8602562368300262,0.9893846829438491
303,1.0,0.9709886755953908,0.8614069907922414,0.9972614321352918
304,1.0,0.9619481030236783,0.8647351479471664,1.006546622144254
305,1.0,0.9796088588536825,0.8535888704496823,0.9880670658481513
306,1.0,0.9762726597313275,0.8539730808248137,0.9914320706129093
307,1.0,0.9742832485881532,0.8543846424954793,0.9934523730244912
308,1.0,0.9683427378033203,0.8559418037983202,0.9995097639775231
309,1.0,0.9595244852032824,0.8597231721269221,1.0086118403706745
310,1.0,0.9709168892971556,0.8519488016119178,0.9966366236507007
311,1.0,0.9718210519485181,0.8516332257666321,0.9957085095948583
312,1.0,0.9782405034425415,0.8495548349230426,0.9891312673482603
313,1.0,0.9696151976239155,0.850816642183939,0.9978525988050181
314,1.0,0.9766358580914778,0.8481365067724836,0.9906274807277841
315,1.0,0.9840028590709125,0.8467580339198546,0.9831549375483407
316,1.0,0.9884056127586109,0.8468060793372972,0.9787559777418582
317,1.0,0.9820163208559173,0.8459973099858283,0.9850828920795213
318,1.0,0.9788339846325494,0.8461270629647936,0.9882751658774727
319,1.0,0.9768989005856329,0.846369533367029,0.9902289144572333
320,1.0,0.9743438609087943,0.8468221928160824,0.9928188182475516
321,1.0,0.9595360042459439,0.8504668798396706,1.007907453113972
322,1.0,0.9401637960508403,0.8630941846079252,1.028256239334737
323,1.0,0.946261658261962,0.8574961926081601,1.0215870133009162
324,1.0,0.9470984870721936,0.8567378637598911,1.0206835703289276
325,1.0,0.9511232172830042,0.8530971243860449,1.0163461375730745
326,1.0,0.9356540201284478,0.8666637386528797,1.032876129158202
327,1.0,0.9307466418659756,0.8712092722498381,1.0382934241781583
328,1.0,0.9248703480697208,0.8767096752644378,1.0448487174580356
329,1.0,0.9306937299620299,0.8711895337067385,1.0382699000987698
330,1.0,0.9228373643633306,0.8785436000949642,1.0470343600516359
331,1.0,0.9209619869852808,0.8803289642943029,1.0491621288531043
332,1.0,0.9212603314028269,0.8800437828909476,1.0488222541691956
333,1.0,0.9202164862336356,0.8810409271505016,1.0500106349188567
334,1.0,0.9163632584089251,0.8847301149274047,1.0544073505340494
335,1.0,0.9379783783381539,0.8638611556445994,1.0295360550897439
336,1.0,0.9203707513411623,0.8800774622722656,1.0488623927273057
337,1.0,0.9061189923885952,0.8937052876100703,1.065103819318232
338,1.0,0.896032418148619,0.9036536771720681,1.0769601525771115
339,1.0,0.8936750840633545,0.9060310617062444,1.079793481845689
340,1.0,0.9027500439976096,0.8968306311136932,1.0688285542573916
341,1.0,0.9059242122611975,0.8936772761580314,1.0650704357190195
342,1.0,0.9002676543793019,0.8992573646112609,1.0717206968401032
343,1.0,0.8915683381596455,0.907946918362378,1.0820767694978843
344,1.0,0.8922011892000965,0.9073024415149425,1.0813086921895512
345,1.0,0.8935582970914507,0.9059223634363784,1.0796639369742433
346,1.0,0.892137753625547,0.9073625628030675,1.0813803437894536
347,1.0,0.884452596279177,0.9151788714772019,1.09069569678157
348,1.0,0.891443957344138,0.9079446274321779,1.082074039205283
349,1.0,0.9057420166845696,0.8933819103358557,1.0647184234152227
350,1.0,0.8956984383125276,0.9032884301422587,1.0765248569601729
351,1.0,0.9133863697609311,0.8854506142700144,1.0552660302654044
352,1.0,0.9267311864644278,0.8725139463610494,1.0398483141570989
353,1.0,0.9219444133948134,0.8770206752998629,1.0452193623952346
354,1.0,0.9125391964256906,0.8859676027012815,1.0558821688942244
355,1.0,0.9187254188979097,0.8799615125401135,1.0487242056787471
356,1.0,0.9199127794835746,0.8788242504213695,1.0473688346817762
357,1.0,0.9216345585978634,0.8771793757410303,1.0454084990667223
358,1.0,0.9170938234387253,0.8815010878498057,1.0505590471692248
359,1.0,0.924692036552634,0.8741977640781554,1.041855061465172
360,1.0,0.9245397189924677,0.8743417640966755,1.0420266784086767
361,1.0,0.9260587831333941,0.8729051776598103,1.0403145774265197
362,1.0,0.9207214805237555,0.8779361315942172,1.0463103887180054
363,1.0,0.933608433142166,0.8656480275749664,1.0316656207966688
364,1.0,0.9309804881267943,0.8680846758874691,1.0345695797041061
365,1.0,0.9369832491047883,0.8624874535244564,1.0278988986525017
366,1.0,0.9355065396421142,0.8638467557115029,1.0295188934940733
367,1.0,0.9458395783689598,0.8543052275759512,1.0181474512381
368,1.0,0.93413303471649,0.8646289694326806,1.0307489408079813
369,1.0,0.9366142809834801,0.8623323400229367,1.0280110631542363
370,1.0,0.9486996690042926,0.8512054320486045,1.0147463576728635
371,1.0,0.9548143927936438,0.8463528341805785,1.00820593830134
372,1.0,0.9407877993852867,0.8552366871105902,1.02301687420053
373,1.0,0.9252769868990764,0.8693370143894954,1.03988340129094
374,1.0,0.9206234051230938,0.8737092520432677,1.0451133837864708
375,1.0,0.9263980233178026,0.8682289032803759,1.0385579011347474
376,1.0,0.9316818582582247,0.863276843698346,1.0326343473413504
377,1.0,0.9322434662053225,0.8627564695696943,1.032011886304114
378,1.0,0.9331305297408021,0.8619355254385471,1.0310298894914425
379,1.0,0.9300493601262393,0.8647816112368776,1.0344343199175163
380,1.0,0.9169311337804926,0.876979244389455,1.0490248826652158
381,1.0,0.9329944368399264,0.8616158404750083,1.0306474887858212
382,1.0,0.9351665529698125,0.859609901758393,1.028248025352772
383,1.0,0.919880778453483,0.873660664197997,1.0450552640325634
384,1.0,0.9226297913202927,0.8710497775897158,1.0419321741339482
385,1.0,0.9118682707087887,0.8812096707670516,1.0540852334349833
386,1.0,0.9261243616157266,0.867432894486675,1.0376057315233709
387,1.0,0.9263878103935584,0.8671861413017292,1.0373105703407604
388,1.0,0.9191555824887807,0.8739561869984585,1.045408762445577
389,1.0,0.9195837840491942,0.8735490422125617,1.0449217440649667
390,1.0,0.929505392606113,0.8641241134645804,1.0336478343938658
391,1.0,0.9455863197175165,0.8491743165384499,1.0157651888335342
392,1.0,0.9510537498405015,0.8448162287980265,1.0098919807772733
393,1.0,0.9538350655968465,0.8429785759057689,1.0069385951472978
394,1.0,0.9537901474922315,0.8430052239372082,1.0069860140090963
395,1.0,0.9489068482294235,0.8459075390036691,1.0121416701797923
396,1.0,0.9500408818741559,0.8451001948994925,1.0109320649279516
397,1.0,0.9624170679125165,0.8366338139786563,0.997762649226608
398,1.0,0.9528356625132265,0.8403396503855124,1.0076959398471343
399,1.0,0.9484735021068401,0.8429883877873581,1.0123092551364936
400,1.0,0.9312195448308903,0.8552645256417911,1.0307244671565985
401,1.0,0.9285184219667338,0.8577453311348996,1.0337142169316216
402,1.0,0.9397706512337728,0.8473507639626189,1.0211871748295098
403,1.0,0.95526953386728,0.8333760889438567,1.0043455548582374
404,1.0,0.9690112915614376,0.8261271420179185,0.9898978280485409
405,1.0,0.9572265431111626,0.8287032071596635,1.0019365906467315
406,1.0,0.9674015483167947,0.8238903156725176,0.9912863322537939
407,1.0,0.9709437974621791,0.8230113586485219,0.9876566262965517
408,1.0,0.9511210792288433,0.8264377484771546,1.00782055243104
409,1.0,0.9461278245380245,0.829405282951618,1.013111471547878
410,1.0,0.9371500841772681,0.8357589820769646,1.0227248150215889
411,1.0,0.9360313130176554,0.8367567123672842,1.0239457454216299
412,1.0,0.9445906467695618,0.8291051735880004,1.0145824973589785
413,1.0,0.9312098186788628,0.8389722345457757,1.0289548119974035
414,1.0,0.9315601509613491,0.8386566031468305,1.0285677068782322
415,1.0,0.924939284488467,0.8446171773149934,1.0358780340084515
416,1.0,0.9134855317021822,0.8550762815050413,1.0487055688707745
417,1.0,0.9272927212163026,0.8421519385888422,1.0328545498560016
418,1.0,0.9171508545980217,0.851362614387373,1.0441509537209321
419,1.0,0.9171999722284677,0.8513170200186596,1.0440950346532962
420,1.0,0.9192115782194895,0.8494499087356603,1.041805121994849
421,1.0,0.9193780070476205,0.849296110680753,1.0416164968625197
422,1.0,0.9386588292853257,0.8314850175410725,1.01977213865482
423,1.0,0.9275858252981098,0.8407759640598628,1.0318020057419415
424,1.0,0.9232173025436412,0.844735650404912,1.0366613410367362
425,1.0,0.9206401243427554,0.8470937456166572,1.0395552003721733
426,1.0,0.9102734117700252,0.8566323016042184,1.0512609360661938
427,1.0,0.8967699376473169,0.869340035305349,1.0668558932094794
428,1.0,0.8846878696864877,0.881052543658851,1.0812295077386789
429,1.0,0.8916282235928782,0.8741407087955833,1.0727472896657826
430,1.0,0.8868405204260976,0.8788345106825104,1.0785075330716871
431,1.0,0.892327718869777,0.8733968482766312,1.0718344224952316
432,1.0,0.8834922984719256,0.8820448238603702,1.0824472360597996
433,1.0,0.8874242072150635,0.8781193569829021,1.0776298949709604
434,1.0,0.8774930113396969,0.8879464219478226,1.0896896894640813
435,1.0,0.8870876933784198,0.8782374402541323,1.0777748070031175
436,1.0,0.8820882323003937,0.8831870229512041,1.0838489451500786
437,1.0,0.8812108588943822,0.884065489274278,1.0849270008430456
438,1.0,0.884541376712644,0.8807241824417996,1.0808265421718262
439,1.0,0.8933331720775727,0.8719703276332024,1.0700837934060212
440,1.0,0.8977946511877404,0.867615538713058,1.0647395874151953
441,1.0,0.8990613990848061,0.8663913721875571,1.0632372877173897
442,1.0,0.9062467506986078,0.8594671213522621,1.054739832740112
443,1.0,0.9053083314982344,0.8603571002106919,1.0558320166399144
444,1.0,0.9116120680573807,0.8543663627816616,1.0484801712503413
445,1.0,0.8985478530749341,0.8666101956805988,1.0635058283701717
446,1.0,0.8900593068787337,0.8747970280807603,1.0735527260645112
447,1.0,0.8948555587348537,0.8700830198845788,1.0677676854331557
448,1.0,0.9069594004490323,0.8583142522391347,1.0533250293812497
449,1.0,0.9065565460270807,0.858695499394849,1.0537928966811463
450,1.0,0.9029379341237956,0.8621230691005074,1.0579992173303414
451,1.0,0.8839983142840498,0.8802065746856,1.0801913328767945
452,1.0,0.8754663673479955,0.8887019254852658,1.0906168449883227
453,1.0,0.8738200943096007,0.8903730873633918,1.0926676983094112
454,1.0,0.8675229608034247,0.8967895090459806,1.1005419442993887
455,1.0,0.860702222975935,0.903840349661403,1.1091947505175177
456,1.0,0.8647875214319797,0.8995502973228482,1.1039299893952508
457,1.0,0.8690224374451827,0.8951451459259647,1.098523978469674
458,1.0,0.8682391007419946,0.8959520296346709,1.0995141878296613
459,1.0,0.8792788609538812,0.8845598963387739,1.085533738237097
460,1.0,0.868468584848731,0.8954351000246827,1.0988798107425943
461,1.0,0.8721704685985401,0.8916182703744219,1.0941957894837735
462,1.0,0.8609206410347191,0.9031189484572694,1.1083094454661035
463,1.0,0.8443057479421704,0.9205482259786305,1.129698690967579
464,1.0,0.8507281920865778,0.9135458224329789,1.121105326822136
465,1.0,0.8500368556740343,0.9142882070128421,1.1220163827173972
466,1.0,0.8500991570255266,0.9142211965172817,1.1219341472983475
467,1.0,0.8350035033028723,0.9304554987068099,1.1418569165963617
468,1.0,0.8305636438711227,0.9354028930648303,1.1479283692075088
469,1.0,0.8235470914634915,0.9433051212315448,1.1576259999929759
470,1.0,0.8339448767662928,0.9313953176192155,1.1430102643141624
471,1.0,0.830722229962529,0.934994546089348,1.1474272449531515
472,1.0,0.813805329426911,0.9540348572368611,1.1707935542597208
473,1.0,0.8116396377416945,0.9565737265251019,1.1739092599127472
474,1.0,0.810088271235381,0.9584021197811364,1.1761530679064014
475,1.0,0.8169512453436147,0.9502826479090881,1.1661888351945842
476,1.0,0.811130743970137,0.9570530904398877,1.1744975363014365
477,1.0,0.8152497240921918,0.9521931061718534,1.1685333535343592
478,1.0,0.8178588596502899,0.9491456952769531,1.164793564567639
479,1.0,0.8158313823764247,0.9514986334447019,1.1676810951639605
480,1.0,0.8120951781216136,0.9558561432431072,1.17302864022033
481,1.0,0.8069362632582036,0.9619283138424155,1.1804804205655133
482,1.0,0.8051057939187743,0.9641103700532304,1.1831582444703908
483,1.0,0.809736920993465,0.9585646173456999,1.1763524852514773
484,1.0,0.8078181533739063,0.9608360498333016,1.1791399919084968
485,1.0,0.8099460243536203,0.9583051149466978,1.1760340233695152
486,1.0,0.808368227861708,0.9601719189101826,1.1783249690628055
487,1.0,0.8164332023026245,0.9505924207092221,1.1665689890152624
488,1.0,0.8112294814756358,0.9566512355188825,1.1740043791079753
489,1.0,0.8010367865801539,0.9686710824142988,1.188755160131693
490,1.0,0.7810944848656478,0.9927867426566267,1.2183499483652003
491,1.0,0.7874487620753975,0.9847103289898541,1.2084385567733151
492,1.0,0.7920986224253204,0.9788956452486393,1.2013027648327825
493,1.0,0.7868447014466248,0.98538857456392,1.2092709011465157
494,1.0,0.7789224026872636,0.9953099004197181,1.2214463728012017
495,1.0,0.7853634430413213,0.9870795154546379,1.2113460273113996
496,1.0,0.7829790951502192,0.9900762693547499,1.2150236499088998
497,1.0,0.7709487601776901,1.0052886156881704,1.2336922728610265
498,1.0,0.7653252434045202,1.0126214731798386,1.2426911707737738
499,1.0,0.7617242633845673,1.0173860222698876,1.248538235293241
500,1.0,0.7660787282001175,1.011570044165576,1.2414008549085687
501,1.0,0.7753776914019053,0.9992912113641296,1.2263322458445332
502,1.0,0.7725300787223521,1.0029611574503166,1.230836011288201
503,1.0,0.7676770241056147,1.009261786266353,1.2385681560306048
504,1.0,0.7620672279221046,1.0166369619442843,1.247618986908663
505,1.0,0.7673341821754679,1.0096105734913363,1.238996188435808
506,1.0,0.7616678091809553,1.0170660345166325,1.248145545658472
507,1.0,0.7532605605051423,1.0282923551884333,1.2619225096559226
508,1.0,0.7565362768783566,1.0238206036049236,1.2564347668441944
509,1.0,0.7388294245978514,1.047783288200539,1.2858418230485378
510,1.0,0.7470309663005567,1.03615213485547,1.271568047556048
511,1.0,0.7510760705810812,1.030541465920928,1.2646826230103965
512,1.0,0.7485398311589451,1.0340214062281023,1.2689532129683834
513,1.0,0.7645421819441252,1.0119160050564826,1.2418254188324247
514,1.0,0.7431874943940063,1.040180174939594,1.2765112666967835
515,1.0,0.7418026923930845,1.0421183716912277,1.2788898257676922
516,1.0,0.7383531452657396,1.0469644533679336,1.2848369472456096
517,1.0,0.7388314252212127,1.046286265545027,1.2840046737436832
518,1.0,0.7299530266336158,1.0588592912514152,1.2994343169501708
519,1.0,0.7336792103480291,1.053454143108258,1.2928011079453332
520,1.0,0.7400251841727673,1.0443422692495348,1.2816189974599443
521,1.0,0.7438277536778096,1.0389759869248736,1.2750334846684108
522,1.0,0.7567129337684,1.020978012751694,1.2529463334577802
523,1.0,0.7518039107408768,1.0276014023503932,1.2610745709018831
524,1.0,0.7538719865213617,1.0247746578473653,1.2576055841887326
525,1.0,0.7350074250990238,1.050418168708792,1.2890753538714346
526,1.0,0.7466211926757661,1.0338206323404715,1.2687068228385248
527,1.0,0.7425408223900617,1.039470580440233,1.2756404508570462
528,1.0,0.7546870128914197,1.0224673298320541,1.2547740264681322
529,1.0,0.7521881278226389,1.0258528768204942,1.258928776749532
530,1.0,0.7493260278930061,1.0297562798891982,1.2637190410860402
531,1.0,0.7507393111178396,1.0278140848742767,1.2613355753380986
532,1.0,0.7498218969721795,1.029070088345155,1.2628769454009268
533,1.0,0.7490226860705994,1.030166940859617,1.2642230050800476
534,1.0,0.751599813311031,1.026622493762613,1.259873252255873
535,1.0,0.7486472630943192,1.0306554304563458,1.2648224805257515
536,1.0,0.7591965740108089,1.0161322963737676,1.2469996602766076
537,1.0,0.768666757396256,1.0034571085251,1.2314446434763362
538,1.0,0.7764032843582502,0.993357448431822,1.2190503196760556
539,1.0,0.7753097768590788,0.9947565200753313,1.2207672632969553
540,1.0,0.7686429639458534,1.0033103340617795,1.2312645215506794
541,1.0,0.7763986527439583,0.9931868266816344,1.2188409323103722
542,1.0,0.77180594343234,0.999061924958024,1.2260508650929227
543,1.0,0.766848551305772,1.0054790065609376,1.2339259209364395
544,1.0,0.7535948686818807,1.0228570137488717,1.2552522473776946
545,1.0,0.74590596605118,1.0332931888214434,1.2680595430578652
546,1.0,0.7524264377024195,1.0242604698841826,1.2569745716563216
547,1.0,0.7503341178667946,1.0271086958242415,1.2604699204334977
548,1.0,0.7500755571803797,1.0274626313885054,1.2609042708915743
549,1.0,0.7441422607928184,1.0355901330258481,1.2708783577463099
550,1.0,0.7383946319867711,1.043588855841587,1.280694406964623
551,1.0,0.7271946198694954,1.0594180714452575,1.3001200531624653
552,1.0,0.7204809921254511,1.0691988623947912,1.3121230600883889
553,1.0,0.7013998182236583,1.0975154587392169,1.3468732458138961
554,1.0,0.7047928336486879,1.0922062374024275,1.3403577583850466
555,1.0,0.7027958457759489,1.095300937726336,1.3441555810367771
556,1.0,0.6959327216535093,1.1059970542899757,1.3572818774530393
557,1.0,0.6899663261592045,1.1154790281014506,1.3689181753673494
558,1.0,0.6808000680447531,1.130298256669967,1.3871043633829396
559,1.0,0.6742891656741172,1.1411079817911491,1.4003700804576613
560,1.0,0.6832025694444108,1.1260237171984586,1.3818586396851247
561,1.0,0.6810387587949972,1.129590012495996,1.3862352046660242
562,1.0,0.6784873197586484,1.1338219009392432,1.391428586935068
563,1.0,0.6741193409695562,1.1411212415006575,1.4003863528015474
564,1.0,0.6831667601217275,1.1258061458679849,1.381591635697718
565,1.0,0.6749616662476947,1.139327507927087,1.3981850792422104
566,1.0,0.6805159147257329,1.1299520005563506,1.3866794371648816
567,1.0,0.6845401334963588,1.1232700494783037,1.3784793329517806
568,1.0,0.6954456381780613,1.105375077097816,1.3565185857547872
569,1.0,0.6923343899940562,1.1103202460835464,1.362587307383715
570,1.0,0.6878141604354208,1.1175694922112036,1.37148359725689
571,1.0,0.6864009944685269,1.1198656228563333,1.3743014135437945
572,1.0,0.6932693568423469,1.1086598656249047,1.3605496850434435
573,1.0,0.6921401420746658,1.1104656790222898,1.3627657829875202
574,1.0,0.6908524870721376,1.1125315853320032,1.3653010674926713
575,1.0,0.6952076633017817,1.1055181183390135,1.356694126262472
576,1.0,0.687008238652107,1.1185568303505742,1.3726952606677028
577,1.0,0.6863201530770618,1.1196771412529634,1.3740701085291702
578,1.0,0.6936984895052288,1.1076399679289104,1.3592980644760637
579,1.0,0.688667192913795,1.1156735232549142,1.3691568602229898
580,1.0,0.6893419613399459,1.1145803663932283,1.3678153358565655
581,1.0,0.6859763538780869,1.1200221358027853,1.3744934865547764
582,1.0,0.6822580558288277,1.1260931557421263,1.3819438548079472
583,1.0,0.6983335059186401,1.0995600072275664,1.3493823199557302
584,1.0,0.6908077032498647,1.1114097488857253,1.3639243474795761
585,1.0,0.6902416695927484,1.1123204152285526,1.365041919102966
586,1.0,0.69342577158053,1.1071892534905146,1.358744946782777
587,1.0,0.6794834353319706,1.129450907866367,1.386064495174167
588,1.0,0.6820669526456253,1.1251565339003005,1.380794430541785
589,1.0,0.6729532206244184,1.1401907986323787,1.3992445113828145
590,1.0,0.6756146557600551,1.1356815047326456,1.3937106965625483
591,1.0,0.673356359886728,1.139477610742912,1.3983692857266057
592,1.0,0.6584426490178026,1.1647151233584259,1.4293408135178032
593,1.0,0.6626452613038423,1.157281148517503,1.4202178241848695
594,1.0,0.6562328356545549,1.1684801712124775,1.4339612880477455
595,1.0,0.6503789417087977,1.1789035432659376,1.4467528718359832
596,1.0,0.6534190673922274,1.1733928867699794,1.4399901827622419
597,1.0,0.6523304432474955,1.1753478095623129,1.4423892680648187
598,1.0,0.6426733143649724,1.1927477107862223,1.4637424629118805
599,1.0,0.634956311312158,1.2070698205098733,1.4813185856501727
600,1.0,0.6298885649049712,1.216703749076304,1.4931413627546355
601,1.0,0.6301995005124453,1.2161031404283713,1.4924042945770208
602,1.0,0.6255081047976219,1.2251561800719462,1.5035142035917035
603,1.0,0.6296266783644849,1.2170893048071958,1.4936145175471647
604,1.0,0.6251322467009924,1.2257771906553345,1.5042763090671907
605,1.0,0.6184848650384486,1.2388115667609882,1.5202721224398765
606,1.0,0.6172977298504594,1.241189372403903,1.5231901704532391
607,1.0,0.6162804821081648,1.2432347340272052,1.5257002424767148
608,1.0,0.6179970328797378,1.2397719024045029,1.5214506483321133
609,1.0,0.6254247473511421,1.2248710675935968,1.5031643129680707
610,1.0,0.6265489965920611,1.22266926733901,1.5004622591320969
611,1.0,0.625751789147477,1.2242249653729669,1.5023714149837641
612,1.0,0.6228468439580729,1.2299082194770672,1.5093459161997258
613,1.0,0.6281042262772208,1.2195266982575677,1.4966056918417878
614,1.0,0.6234072581342224,1.2286463281078057,1.507797320496003
615,1.0,0.6175998777631714,1.2400918422167824,1.5218432791331613
616,1.0,0.6179357422426679,1.239417452832812,1.5210156670833812
617,1.0,0.6213459721545376,1.2325774237136566,1.5126215691710934
618,1.0,0.6135889134977126,1.2479652684939522,1.5315055641795352
619,1.0,0.6096473381373239,1.255981953679336,1.5413436568549146
620,1.0,0.609048795660017,1.2572150576444583,1.5428569245967185
621,1.0,0.6112496407868406,1.2526720133881537,1.5372816912692673
622,1.0,0.6200393000127501,1.2346588165131505,1.515175858729242
623,1.0,0.6286224189168201,1.2175676040243304,1.4942014873390392
624,1.0,0.6320858174158411,1.2108594089535074,1.4859691764440828
625,1.0,0.642300412381888,1.1912917520279327,1.4619557073075293
626,1.0,0.6390060579887157,1.1974018792225907,1.469454068064825
627,1.0,0.6363429480524446,1.2023921493495815,1.4755781379078485
628,1.0,0.6368348169591391,1.2014627459300464,1.4744375721050889
629,1.0,0.6416344660384417,1.1924076512516102,1.4633251411474704
630,1.0,0.6412662944157659,1.1930918580438956,1.4641648011411128
631,1.0,0.636461751527976,1.2020308293428708,1.4751347252468388
632,1.0,0.6324097969373726,1.2096834091327142,1.4845259870263334
633,1.0,0.6283042773382199,1.2175365116126424,1.4941633306668123
634,1.0,0.630639881654956,1.213010546033927,1.488609056327771
635,1.0,0.6278957735217556,1.2182887280865509,1.4950864522824507
636,1.0,0.6231580361923693,1.227481228224786,1.5063675075049303
637,1.0,0.6225132472870188,1.2287513174020233,1.5079261635756682
638,1.0,0.6266885832138493,1.220509806810935,1.497812164696591
639,1.0,0.6275522600330296,1.2188277496362305,1.4957479406454761
640,1.0,0.6279974691908543,1.2179630674249027,1.494686800843536
641,1.0,0.6247606394520604,1.2242407027191708,1.5023907278880062
642,1.0,0.623353439616616,1.2269981608664102,1.5057746862416228
643,1.0,0.6195235123727094,1.2345369236061776,1.5150262715013403
644,1.0,0.6284265883125021,1.216795585688442,1.4932540648369022
645,1.0,0.636748479774208,1.2006822623771398,1.4734797610718762
646,1.0,0.6337189940001198,1.2063948002921174,1.4804901994411879
647,1.0,0.6455471480504655,1.1838778429689532,1.4528573427438456
648,1.0,0.6454451631345066,1.1840648745168125,1.453086868247034
649,1.0,0.6511412852014371,1.1736153763328923,1.4402632224170488
650,1.0,0.6459683730080379,1.1829390199541452,1.451705217194009
651,1.0,0.6527677371866525,1.1704875849711787,1.43642479037539
652,1.0,0.649685510112786,1.1760143724001824,1.4432072753633711
653,1.0,0.6533099081745442,1.1694537455348317,1.4351560604760212
654,1.0,0.6511865152490246,1.1732547131596074,1.439820615823265
655,1.0,0.6528984398269985,1.1701703071829277,1.436035426415653
656,1.0,0.6441375719596907,1.1858721481090544,1.4553047581449614
657,1.0,0.6464195876248162,1.181670904560321,1.4501489833541137
658,1.0,0.6444761243206584,1.1852236032787653,1.4545088625849338
659,1.0,0.6416974057634016,1.1903338047200813,1.4607801123881592
660,1.0,0.6442296147959363,1.1856366156947,1.4550157122805507
661,1.0,0.6367039246805655,1.1994868541091854,1.4720127535702379
662,1.0,0.6390977279941251,1.194977166804765,1.466478455963106
663,1.0,0.6323530187440328,1.2075883422124352,1.4819549165620705
664,1.0,0.6433025412780874,1.1866783198471378,1.4562940937763187
665,1.0,0.6472496384016951,1.1793972440200091,1.4473587424301504
666,1.0,0.6455793384422606,1.182440810291557,1.451093813267024
667,1.0,0.6432364203196742,1.1867320907557792,1.4563600815472362
668,1.0,0.654215138023808,1.1664770240299083,1.4315030216786016
669,1.0,0.6556075221831449,1.1639943787409028,1.4284563142341875
670,1.0,0.668232913778015,1.141578704197602,1.400947751974491
671,1.0,0.6756324831745603,1.12893761653345,1.3854345829924144
672,1.0,0.6776891381246847,1.1255010808502186,1.381217259278841
673,1.0,0.6722559614679776,1.13452446023666,1.3922907691643749
674,1.0,0.6849845577316621,1.1130432021556909,1.3659289247231534
675,1.0,0.6804349320812768,1.1204359672117303,1.3750013413227278
676,1.0,0.6755208137856504,1.1285277841154848,1.384931635798771
677,1.0,0.6792552002125627,1.1222891031550877,1.3772755135935602
678,1.0,0.6704898574793351,1.1367715077528333,1.395048350533148
679,1.0,0.6681963488001204,1.1406600010536918,1.399820317571754
680,1.0,0.6769211553224287,1.1257661186873733,1.3815425142617768
681,1.0,0.6806823689430717,1.1195109635252414,1.3738661748818384
682,1.0,0.6780466714912095,1.1238458667463314,1.379185977099814
683,1.0,0.6886158648005911,1.1063276858976694,1.3576876292525946
684,1.0,0.6964706215397021,1.0937082629501766,1.3422010472556816
685,1.0,0.6977174124937305,1.0917503547105427,1.3397982982059515
686,1.0,0.6993954136087146,1.0891247096003276,1.3365761010845918
687,1.0,0.7055560784641753,1.0795310917544036,1.3248027933795234
688,1.0,0.7035895425341211,1.0825399761567487,1.3284953025545212
689,1.0,0.7035806023917627,1.0825537314230087,1.3285121830457853
690,1.0,0.7082148550935593,1.075423308074812,1.3197617127340422
691,1.0,0.70086156180343,1.086589274078246,1.3334646093567675
692,1.0,0.7049852150262146,1.0801961179887443,1.325618914952803
693,1.0,0.6956992011529973,1.0944243825298776,1.343079870688434
694,1.0,0.6919275693434989,1.1003576447892964,1.3503611824308899
695,1.0,0.6941235865739687,1.0968653654603262,1.346075450000041
696,1.0,0.6943256642649398,1.0965460390109116,1.3456835719194684
697,1.0,0.6969123224729818,1.0924609389516602,1.3406703286597166
698,1.0,0.6825558665171864,1.1149657316604278,1.3682882569161388
699,1.0,0.679322435427334,1.1202475921461135,1.374770167051945
